Model,Accuracy,Precision,Recall,F1 Score
Gradient Boosting,0.9900990099009901,0.990246818799527,0.9900990099009901,0.9900644937820477
Random Forest,0.9900990099009901,0.990246818799527,0.9900990099009901,0.9900644937820477
Decision Tree,0.9801980198019802,0.9801980198019802,0.9801980198019802,0.9801610821703188
Logistic Regression,0.7128712871287128,0.7069052795690528,0.7128712871287128,0.7088272131466146
